word,meaning,literal,example,level,tag,memo,qaHistory,knownCount,unknownCount,lastReviewed,updatedAt
How's it going?,어떻게 지내?,그건 어떻게 되어 가?,,0,유용 표현,"[설명]
How's it going? 은 How are you? 와 같은 의미로 일반적으로 가벼운 안부를 묻는 표현 Hello 와
같은 의미로 대답도 간결하고 긍정적인 경우가 많습니다",,0,0,,
"Pretty good, how are you doing?","잘 지내, 넌 어때?","꽤 좋아, 너는 어떻게 지내고 있어?",,0,유용 표현,,,0,0,,
What are you doing?,뭐 해?,너 뭐 하고 있어?,,0,유용 표현,,,0,0,,
I’m just doing some chores.,집안일 좀 하고 있었어,나 그냥 집안일 좀 하고 있어.,,0,유용 표현,,,0,0,,
Take care and I will keep in touch with you.,몸 조심하고 연락할게,"몸조심하고, 내가 너와 계속 연락할게.",,0,유용 표현,,,0,0,,
"I'm sorry, I'll call you back later.","미안해, 내가 나중에 다시 전화할게","미안해, 내가 너에게 나중에 다시 전화할게.",,0,유용 표현,,,0,0,,
"No worries, I'll call you back later.","아니야, 내가 다시 전화할게","괜찮아, 내가 너에게 나중에 다시 전화할게.",,0,유용 표현,,,0,0,,
What are you up to?,뭐 해?,너 뭐 하고 있는 중이야?,,0,유용 표현,,,0,0,,
Nothing much.,그냥 있어,별거 없어.,,0,유용 표현,,,0,0,,
What were you doing?,뭐 하고 있었어?,너 뭐 하고 있었어?,,0,유용 표현,,,0,0,,
Nothing really.,아무것도 안 하고 있었어,딱히 아무것도.,,0,유용 표현,,,0,0,,
I was just watching TV.,그냥 TV 보고 있었어요,나 그냥 TV 보고 있었어.,,0,유용 표현,,,0,0,,
Are you busy?,바쁘세요?,너 바빠?,,0,유용 표현,,,0,0,,
I was in the middle of something.,뭐 좀 하는 중이었어,나 뭐 하던 중이었어.,,0,유용 표현,,,0,0,,
"Not really, what's up?","아니, 무슨 일이야?","딱히, 무슨 일이야?",,0,유용 표현,,,0,0,,
I called to say hi.,안부 인사차 전화했어요,안부 인사하려고 전화했어.,,0,유용 표현,,,0,0,,
How can I help you?,무엇을 도와드릴까요?,어떻게 내가 도와줄 수 있나요?,,0,유용 표현,,,0,0,,
Please hold (the line),끊지 말고 잠시만 기다려 주세요,끊지 말고 잠깐만 기다려 주세요.,,0,유용 표현,,,0,0,,
You have the wrong number.,전화 잘못 거셨어요,당신은 잘못된 번호를 걸었어요.,,0,유용 표현,,,0,0,,
"I'm sorry, but you're breaking up.","죄송한데, 잘 안 들려요","미안한데, 네 목소리가 끊겨 들려.",,0,유용 표현,,,0,0,,
Do you have time for dinner today?,오늘 저녁에 시간 괜찮아?,오늘 저녁 먹을 시간 있어?,,0,유용 표현,,,0,0,,
I had the day off.,오늘 쉬는 날이야,나는 오늘 쉬는 날이었어.,,0,유용 표현,,,0,0,,
"I'm sorry, I'm a little busy today.","미안해, 오늘 좀 바빠","미안해, 나는 오늘 조금 바빠.",,0,유용 표현,,,0,0,,
I'll buy you dinner.,내가 저녁 사줄게,내가 너 저녁 사줄게.,,0,유용 표현,,,0,0,,
"No worries, dinner’s on me.","아니야, 저녁은 내가 살게","괜찮아, 저녁은 내가 살게.",,0,유용 표현,,,0,0,,
I’d like to take you out for dinner.,저녁 식사를 대접하고 싶어요,너를 저녁 먹으러 데리고 나가고 싶어.,,0,유용 표현,,,0,0,,
I’d like to buy you dinner.,저녁 사드리고 싶어요,너에게 저녁을 사주고 싶어.,,0,유용 표현,,,0,0,,
Where are you?,어디야?,너 어디야?,,0,유용 표현,,,0,0,,
I'm almost there.,거의 다 왔어,나 거의 다 왔어.,,0,유용 표현,,,0,0,,
There was traffic on the way.,오는 길에 차가 막혔어,오는 길에 차가 막혔어.,,0,유용 표현,,,0,0,,
How was your day?,오늘 하루 어땠어?,네 하루는 어땠어?,,0,유용 표현,,,0,0,,
It was good (thanks for asking),괜찮았어,"좋았어, 물어봐줘서 고마워.",,0,유용 표현,,,0,0,,
I've been swamped.,눈코 뜰 새 없이 바빴어,나 계속 너무 바빴어.,,0,유용 표현,,,0,0,,
What's the most popular dish.,제일 인기 있는 메뉴가 뭐예요?,가장 인기 있는 메뉴가 뭐예요?,,0,유용 표현,,,0,0,,
"We're new here, can you recommend some dishes?","저희 여기 처음인데, 메뉴 좀 추천해 주시겠어요?","저희 여기 처음인데, 메뉴 좀 추천해주실 수 있나요?",,0,유용 표현,,,0,0,,
Same for me.,같은 걸로 주세요,저도 같은 걸로요.,,0,유용 표현,,,0,0,,
Let’s split the bill.,나눠서 내자,계산서를 나눠서 내자.,,0,유용 표현,"[설명]
똑같이 나누는 1/n 를 의미합니다",,0,0,,
Could we have separate bills?,저희 따로 계산해 주시겠어요?,저희 계산서를 따로 받을 수 있을까요?,,0,유용 표현,"[설명]
각자 자신이 주문한 것만 계산하는 것을 의미합니다.",,0,0,,
Could we split the bill?,계산서를 나눌 수 있을까요?,저희 계산서를 나눌 수 있을까요?,,0,유용 표현,"[설명]
똑같이 나누는 1/n 를 의미합니다. have의 사용 여부는 계산서를 새로 받고 싶은지, 아니면 이미
주어진 계산서를 나눠서 지불하고 싶은지의 차이를 나타냅니다 ex : Could we have separate bills?",,0,0,,
It’s on me.,내가 살게,이건 내가 살게.,,0,유용 표현,,,0,0,,
Coffee is on me.,커피는 내가 살게,커피는 내가 살게.,,0,유용 표현,,,0,0,,
Are we done?,얘기 다 끝났나요?,우리 다 끝난 건가요?,,0,유용 표현,,,0,0,,
Did I say something wrong?,혹시 제가 말실수했나요?,제가 뭔가 잘못 말했나요?,,0,유용 표현,,,0,0,,
"I'm sorry, that came out wrong.","미안해요, 방금 말한 건 실수예요","미안해요, 그 말이 이상하게 나갔어요.",,0,유용 표현,,,0,0,,
I think there is a misunderstanding.,오해가 좀 있는 것 같은데요,오해가 있는 것 같아요.,,0,유용 표현,,,0,0,,
There's got to be a mistake.,뭔가 착오가 있을 거예요,분명 뭔가 실수가 있는 거야.,,0,유용 표현,,,0,0,,
That's not what I meant.,내 말은 그런 뜻이 아니었어,그건 내 뜻이 아니었어.,,0,유용 표현,,,0,0,,
I didn’t mean it that way.,그런 뜻으로 한 말이 아니야,나는 그 방식으로 말한 게 아니었어.,,0,유용 표현,,,0,0,,
Don't get me wrong.,오해하지 마,내 말을 오해하진 마.,,0,유용 표현,,,0,0,,
Can I be honest?,솔직하게 말해도 돼?,솔직하게 말해도 될까?,,0,유용 표현,,,0,0,,
This is just my opinion.,이건 그냥 내 생각이야,이건 그냥 내 의견이야.,,0,유용 표현,,,0,0,,
I'm really at a loss.,정말 막막하네요,나 정말 어쩔 줄 모르겠어.,,0,유용 표현,,,0,0,,
"Either way, it's the same.",이렇게 하나 저렇게 하나 마찬가지야,어느 쪽이든 똑같아.,,0,유용 표현,,,0,0,,
I don't care either way.,저는 어느 쪽이든 상관없어요,어느 쪽이든 나는 상관없어.,,0,유용 표현,,,0,0,,
That could be better.,좀 아쉽네요,그건 더 나을 수도 있겠네.,,0,유용 표현,,,0,0,,
It's all meaningless.,다 부질없어,그건 다 의미 없어.,,0,유용 표현,,,0,0,,
Get over it and move on!,이제 그만 받아들이고 잊어버려,그것 좀 넘기고 앞으로 가!,,0,유용 표현,,,0,0,,
Here goes nothing.,밑져야 본전이지,"자, 밑져야 본전이다.",,0,유용 표현,,,0,0,,
What's not to like?,싫을 게 뭐 있어?,뭐가 싫을 게 있겠어?,,0,유용 표현,,,0,0,,
It's a figure of speech.,말이 그렇다는 거지,그건 그냥 비유적인 말이야.,,0,유용 표현,,,0,0,,
What are you up to?,뭐하고 있어?,너 뭐 하고 있는 중이야?,,0,유용 표현,,,0,0,,
I'm getting off right now.,지금 퇴근 중이야,나 지금 퇴근하는 중이야.,,0,유용 표현,,,0,0,,
Where do we meet?,우리 어디서 볼까?,우리 어디서 만나?,,0,유용 표현,,,0,0,,
I'm on my way to work.,지금 출근 중이야,나 지금 출근하는 길이야.,,0,유용 표현,,,0,0,,
I'm at work.,지금 일하는 중이야,나 지금 회사에 있어.,,0,유용 표현,,,0,0,,
What time do you finish?,몇 시에 끝나?,너 몇 시에 끝나?,,0,유용 표현,,,0,0,,
What time do you get off?,몇 시에 끝나?,너 몇 시에 퇴근해?,,0,유용 표현,,,0,0,,
I get off work at 7.,7시에 퇴근해,나 7시에 퇴근해.,,0,유용 표현,,,0,0,,
I will be late today.,오늘 늦을 거야,나 오늘 늦을 거야.,,0,유용 표현,,,0,0,,
What's your ETA?,언제쯤 도착해?,너 ETA가 어떻게 돼?,,0,유용 표현,"[설명]
ETA : Estimated Time of Arrival",,0,0,,
We don't have much time.,우리 시간이 별로 없어,우리 시간이 많지 않아.,,0,유용 표현,,,0,0,,
Is it done yet?,아직 멀었어?,그거 벌써 끝났어?,,0,유용 표현,,,0,0,,
What is taking you so long?,왜 이렇게 안 와?,왜 이렇게 오래 걸리는 거야?,,0,유용 표현,,,0,0,,
It'll take some time.,시간이 좀 걸릴 거야,시간이 좀 걸릴 거야.,,0,유용 표현,,,0,0,,
I'll be right there.,금방 갈게,나 바로 거기 갈게.,,0,유용 표현,,,0,0,,
I'll be there in 5 minutes.,5분 안에 갈게요,내가 5분 안에 거기 갈게.,,0,유용 표현,,,0,0,,
Take your time.,천천히 오세요,천천히 해.,,0,유용 표현,,,0,0,,
No rush.,서두르지 않아도 돼요,서두를 거 없어.,,0,유용 표현,,,0,0,,
Long time no see! What's new?,오랜만이네! 요즘 어떻게 지내?,오랜만이다! 새 소식 뭐 있어?,,0,유용 표현,,,0,0,,
"Well, so far so good.",그냥. 그럭저럭 잘 지내,"음, 지금까지는 꽤 괜찮아.",,0,유용 표현,,,0,0,,
How was work?,일은 어땠어?,일은 어땠어?,,0,유용 표현,,,0,0,,
It was a long day.,정말 긴 하루였어,긴 하루였어.,,0,유용 표현,,,0,0,,
How are you today?,안녕하세요?,오늘은 어떠세요?,,0,유용 표현,"[설명]
주로 가벼운 인사로 많이 쓰이며 “today“를 붙이는 것은 붙이지 않은 것보다 좀 더 공손한 표현입니다",,0,0,,
"I'm good, thank you! How are you?","전 좋아요, 감사합니다","저는 좋아요, 감사합니다! 당신은 어떠세요?",,0,유용 표현,,,0,0,,
Is there anything I can help you with?,제가 뭐 도와 드릴 일이 있나요?,제가 도와드릴 수 있는 게 있나요?,,0,유용 표현,,,0,0,,
I’m just browsing.,그냥 둘러보고 있어요,저는 그냥 둘러보고 있어요.,,0,유용 표현,,,0,0,,
Just looking around.,그냥 둘러보고 있어요,그냥 둘러보는 중이에요.,,0,유용 표현,,,0,0,,
Are you looking for something in particular?,특별히 찾고 있는 것이 있나요?,뭔가 특별히 찾고 계신 게 있나요?,,0,유용 표현,,,0,0,,
Can I try these on?,이거 입어 봐도 되나요?,이것들 입어봐도 될까요?,,0,유용 표현,,,0,0,,
Where is the fitting room?,탈의실은 어디에 있나요?,탈의실이 어디에 있나요?,,0,유용 표현,,,0,0,,
That's easier said than done.,그게 말처럼 쉽지 않아,그건 말하기는 쉽지만 하기는 어려워.,,0,유용 표현,,,0,0,,
Don't give me excuses.,핑계대지 마,내게 핑계 대지 마.,,0,유용 표현,,,0,0,,
What's your point?,하고 싶은 말이 뭐야?,네 요점이 뭐야?,,0,유용 표현,,,0,0,,
I'm all set.,다 준비됐어,나 이제 다 준비됐어.,,0,유용 표현,,,0,0,,
Let's hang out sometime.,언제 한번 만나자,언제 한번 같이 놀자.,,0,유용 표현,,,0,0,,
Let's get together soon.,곧 만나자,곧 한번 모이자.,,0,유용 표현,,,0,0,,
Can I get a rain check?,다음으로 미룰 수 있을까?,이번은 다음으로 미룰 수 있을까?,,0,유용 표현,,,0,0,,
Just in time!,딱 맞춰 왔네!,딱 제시간이네!,,0,유용 표현,,,0,0,,
It's not a big deal.,별거 아니야,그건 큰일 아니야.,,0,유용 표현,,,0,0,,
It slipped my mind.,잊고 있었어,그게 내 마음에서 미끄러져 나갔어.,,0,유용 표현,,,0,0,,
That's not like you.,너답지 않아,그건 너답지 않아.,,0,유용 표현,,,0,0,,
I'm so fed up.,정말 진절머리가 나,나 정말 질려버렸어.,,0,유용 표현,,,0,0,,
It's a long shot.,가능성이 희박해,그건 긴 승부수야.,,0,유용 표현,,,0,0,,
That's out of line.,그건 도가 지나치잖아,그건 선을 넘었어.,,0,유용 표현,,,0,0,,
I'm drawing a blank.,생각이 안 나,내 머리가 하얘졌어.,,0,유용 표현,,,0,0,,
I have a lot on my plate.,할 일이 많아,내 접시 위에 할 일이 많아.,,0,유용 표현,,,0,0,,
You're selling yourself short.,넌 스스로를 과소평가하고 있어,너는 너 자신을 싸게 팔고 있어.,,0,유용 표현,,,0,0,,
Don't worry! I've got your back!,"걱정하지 마, 내가 있잖아!",걱정 마! 내가 네 등을 봐줄게!,,0,유용 표현,,,0,0,,
I'm all ears.,듣고 있어,나는 완전히 귀야.,,0,유용 표현,,,0,0,,
Hang in there.,조금만 더 힘내,거기 버텨.,,0,유용 표현,,,0,0,,
Just blow it off.,그냥 무시해,그냥 그걸 날려버려.,,0,유용 표현,,,0,0,,
I'm in over my head.,내가 감당할 수 없는 상황이야,나는 내 머리 위까지 들어와 있어.,,0,유용 표현,,,0,0,,
Don't hold your breath.,너무 기대하지 마,숨 참고 기대하지 마.,,0,유용 표현,,,0,0,,
I'm not holding my breath.,기대 안 해,나는 숨 참고 기대하고 있지 않아.,,0,유용 표현,,,0,0,,
It's crunch time.,중요한 시기야,지금은 결정적 시간이다.,,0,유용 표현,,,0,0,,
Let's touch base later.,나중에 연락하자,나중에 다시 접촉하자.,,0,유용 표현,,,0,0,,
I’m just chilling.,그냥 쉬고 있어,나 그냥 쉬고 있어.,,0,유용 표현,,,0,0,,
It's not my thing.,내 취향이 아니야,그건 내 스타일이 아니야.,,0,유용 표현,,,0,0,,
Just my two cents.,그냥 내 생각이야,그냥 내 2센트야.,,0,유용 표현,,,0,0,,
That's a stretch.,그건 좀 무리야,그건 좀 억지야.,,0,유용 표현,,,0,0,,
That's a no-go.,그건 안 돼,그건 안 되는 거야.,,0,유용 표현,,,0,0,,
That's out of my league.,내 능력 밖이야,그건 내 리그 밖이야.,,0,유용 표현,,,0,0,,
We're running out of time.,시간이 얼마 없어,우리는 시간이 다 되어 가고 있어.,,0,유용 표현,,,0,0,,
Let's wrap this up.,마무리 짓자,이걸 마무리 짓자.,,0,유용 표현,,,0,0,,
Just taking a breather.,잠깐 숨 돌리고 있어,그냥 숨 좀 돌리는 중이야.,,0,유용 표현,,,0,0,,
Way to go!,잘했어!,가자! 잘했다!,,0,유용 표현,,,0,0,,
Don't beat around the bush.,빙빙 돌려 말하지 마,빙빙 돌려 말하지 마.,,0,유용 표현,,,0,0,,
What a bummer.,정말 실망이야,정말 김새네.,,0,유용 표현,,,0,0,,
That's a no-brainer.,생각할 것도 없어 (당연하지!),그건 머리 쓸 것도 없는 거야.,,0,유용 표현,,,0,0,,
Let's play it by ear.,상황을 봐 가면서 하자,그때그때 귀로 맞춰 하자.,,0,유용 표현,,,0,0,,
I'm down for that.,나도 그거 좋아,나는 그거 좋다.,,0,유용 표현,,,0,0,,
You can say that again.,동감이야,그 말 다시 해도 되겠다.,,0,유용 표현,,,0,0,,
I’m still on the fence.,아직 결정을 못 내렸어,나는 아직 울타리 위에 있어.,,0,유용 표현,,,0,0,,
Let's take a break.,잠시 쉬자,잠깐 쉬자.,,0,유용 표현,,,0,0,,
Time flies.,시간이 정말 빨리 가네,시간은 날아가네.,,0,유용 표현,,,0,0,,
Catch you later.,나중에 보자,나중에 보자.,,0,유용 표현,,,0,0,,
I'm wiped out.,완전 지쳤어,나 완전히 닳아빠졌어.,,0,유용 표현,,,0,0,,
No biggie.,큰일 아니야,큰일도 아니야.,,0,유용 표현,,,0,0,,
I thought so.,그럴 줄 알았어,그럴 줄 알았어.,,0,유용 표현,,,0,0,,
I knew it.,그럼 그렇지,내가 알았지.,,0,유용 표현,,,0,0,,
What gives?,무슨 일이야?,무슨 일이야?,,0,유용 표현,,,0,0,,
That's whack.,이상해,그거 이상하다.,,0,유용 표현,,,0,0,,
Please take a seat.,자리에 앉아 주세요,자리에 앉아 주세요.,,0,유용 표현,,,0,0,,
Please bear with me.,양해 부탁드립니다,조금만 참아 주세요.,,0,유용 표현,,,0,0,,
Give it a rest.,적당히 좀 해,그만 좀 해.,,0,유용 표현,,,0,0,,
Enough is enough!,적당히 좀 해,이제는 충분해!,,0,유용 표현,,,0,0,,
I'm feeling blue.,우울해요,나 우울한 기분이야.,,0,유용 표현,,,0,0,,
Good riddance.,속이 시원해,잘 없어졌네.,,0,유용 표현,,,0,0,,
I feel better.,한결 후련해,나는 기분이 좀 나아.,,0,유용 표현,,,0,0,,
I'm under the weather.,컨디션이 별로야,나는 날씨 아래에 있어.,,0,유용 표현,,,0,0,,
I'm actually under the weather.,사실 오늘 몸이 안 좋아,사실 나는 날씨 아래에 있어.,,0,유용 표현,,,0,0,,
I'm zonked.,완전 피곤해,나 완전 기절할 만큼 피곤해.,,0,유용 표현,,,0,0,,
I'm faded.,피곤해,나 좀 흐릿하게 지쳤어.,,0,유용 표현,,,0,0,,
I'm salty.,짜증 나,나 짜증 나 있어.,,0,유용 표현,,,0,0,,
No cap.,거짓말 아니야,진짜야.,,0,유용 표현,,,0,0,,
You slay!,멋지다!,너 완전 찢는다!,,0,유용 표현,"[설명]
Slay : 원래의 뜻은 죽이다, 살해하다의 의미가 있지만 슬랭으로 우리가 보통 “죽인다” 한국어의
슬랭처럼 멋지다, 쩐다, 찢었다 등의 의미로 많이 쓰입니다",,0,0,,
That's dope!,정말 멋지다!,그거 진짜 멋지다!,,0,유용 표현,,,0,0,,
That's sus.,수상해,그거 수상하다.,,0,유용 표현,,,0,0,,
Peep this out.,이거 봐봐,이거 좀 봐봐.,,0,유용 표현,,,0,0,,
Let's call it quits.,그만하자,이쯤에서 그만하자.,,0,유용 표현,,,0,0,,
Let's just call it a day.,오늘은 여기까지 하죠,오늘은 그냥 하루를 접자.,,0,유용 표현,,,0,0,,
I'm really swamped.,눈코 뜰 새 없이 바빠,나 정말 너무 바빠.,,0,유용 표현,,,0,0,,
That's a bummer.,아쉽네요,정말 아쉽네.,,0,유용 표현,,,0,0,,
Don't sweat it.,걱정하지 마세요,그거로 땀 흘리지 마.,,0,유용 표현,,,0,0,,
It's a breeze.,아주 쉬워,그건 산들바람이야.,,0,유용 표현,,,0,0,,
I'm on cloud nine.,기분이 정말 좋아요,나는 지금 구름 아홉 위에 있어.,,0,유용 표현,,,0,0,,
This is the real deal!,와~ 제대로다!,이건 진짜 제대로 된 거야!,,0,유용 표현,,,0,0,,
He's the real deal.,그는 진국이야,그는 진짜 제대로 된 사람이야.,,0,유용 표현,,,0,0,,
It's a once-in-a-lifetime opportunity.,이건 일생일대의 기회야,그건 일생에 한 번뿐인 기회야.,,0,유용 표현,,,0,0,,
Are you open?,지금 영업하나요?,문 열었나요?,,0,유용 표현,,,0,0,,
We are closing.,마감 시간이에요,저희 마감 중입니다.,,0,유용 표현,,,0,0,,
This isn't what I ordered.,이건 제가 주문한 거 아닌데요,이건 제가 주문한 게 아니에요.,,0,유용 표현,,,0,0,,
It's on the house.,이건 서비스예요,이건 집에서 내는 거예요.,,0,유용 표현,,,0,0,,
I'm at my wit's end.,정말 답이 없네,나 정말 끝에 와 있어.,,0,유용 표현,,,0,0,,
I'm at a loss.,어떻게 해야 할지 모르겠어,나 정말 어찌할 바를 모르겠어.,,0,유용 표현,,,0,0,,
It's now or never.,지금 아니면 안 돼,지금 아니면 영영 안 돼.,,0,유용 표현,,,0,0,,
It goes without saying.,말해 뭐해,말할 필요도 없이.,,0,유용 표현,,,0,0,,
It's up to you.,네 마음대로 해,그건 너에게 달려 있어.,,0,유용 표현,,,0,0,,
It's your call.,맘대로 해,그건 네 판단이야.,,0,유용 표현,,,0,0,,
I'll do my best.,열심히 하겠습니다,최선을 다할게.,,0,유용 표현,,,0,0,,
I’m being serious.,농담하는 거 아니야,나 진심이야.,,0,유용 표현,,,0,0,,
I had no choice.,어쩔 수 없었어,내겐 선택이 없었어.,,0,유용 표현,,,0,0,,
There was nothing I could do.,어쩔 수 없었어,내가 할 수 있는 건 아무것도 없었어.,,0,유용 표현,,,0,0,,
What did you say? I couldn't hear you.,뭐라고 하셨죠? 뭐라고 하시는지 잘 못 들었어요,뭐라고 했어? 네 말을 못 들었어.,,0,유용 표현,,,0,0,,
"I can't hear you. Could you speak up, please?",목소리가 잘 안 들려요. 좀 크게 말씀해 주시겠어요?,네 말이 안 들려. 좀 크게 말해줄래?,,0,유용 표현,,,0,0,,
Don't take it too hard.,너무 속상해하지 마,너무 세게 받아들이지 마.,,0,유용 표현,,,0,0,,
Let's get this straight.,이건 확실히 하고 넘어가자,이걸 분명히 하자.,,0,유용 표현,,,0,0,,
I've heard a lot about you.,얘기 많이 들었어요,당신 얘기 많이 들었어요.,,0,유용 표현,,,0,0,,
It's a long story.,말하자면 길어,그건 긴 이야기야.,,0,유용 표현,,,0,0,,
I'm on my way.,지금 가고 있어,나 지금 가는 중이야.,,0,유용 표현,,,0,0,,
I'll keep you posted.,새로운 소식이 있으면 알려줄게,계속 소식 전할게.,,0,유용 표현,,,0,0,,
I'm now at a crossroads.,나 지금 선택의 기로에 있어,나 지금 갈림길에 서 있어.,,0,유용 표현,,,0,0,,
It's not rocket science.,그건 별로 어렵지 않아,그건 로켓 과학이 아니야.,,0,유용 표현,,,0,0,,
That's a gray area.,애매하네요,그건 회색 구역이야.,,0,유용 표현,,,0,0,,
"I'm caught between a rock and a hard place,",진퇴양난이에요,나는 바위와 단단한 곳 사이에 끼어 있어.,,0,유용 표현,,,0,0,,
I'm feeling out of sorts.,몸이 좀 안 좋아,나 몸 상태가 좀 뒤죽박죽이야.,,0,유용 표현,,,0,0,,
I'm burned out.,완전 지쳤어요,나 완전히 타버렸어.,,0,유용 표현,,,0,0,,
That's a tough nut to crack.,그건 해결하기 어려운 문제예요,그건 깨기 힘든 견과야.,,0,유용 표현,,,0,0,,
That's a hard nut to crack.,그건 해결하기 어려운 문제예요,그건 깨기 힘든 견과야.,,0,유용 표현,,,0,0,,
You hit the nail on the head.,정확히 맞췄네요,네가 그 못머리를 정확히 쳤어.,,0,유용 표현,,,0,0,,
I'm in a pickle.,나 지금 곤란한 상황이야,나 지금 피클 속에 있어.,,0,유용 표현,,,0,0,,
Are we on the same page?,이해했어?,우리가 같은 페이지 위에 있어?,,0,유용 표현,,,0,0,,
We're on the same page.,저랑 생각이 같네요,우리는 같은 페이지 위에 있어.,,0,유용 표현,,,0,0,,
We didn't see eye to eye.,우린 사이가 좋지 않았어요,우리는 눈과 눈을 맞춰 보지 못했어.,,0,유용 표현,,,0,0,,
We see eye to eye on that.,우리 의견이 같네요,우리는 그 점에서 눈과 눈을 맞춰 봐.,,0,유용 표현,,,0,0,,
I'm all for it.,저는 대찬성이에요,나는 그거 전적으로 찬성이야.,,0,유용 표현,,,0,0,,
"I'm on board with that,",그건 저도 동의해요,나는 그거에 올라타 있어.,,0,유용 표현,,,0,0,,
I'm tapped out.,나 완전 지쳤어,나 완전히 바닥났어.,,0,유용 표현,,,0,0,,
I'm all tapped out.,나 완전 빈털털이야,나 완전히 다 바닥났어.,,0,유용 표현,,,0,0,,
That's out of the blue.,갑자기? (난데없이 그게 무슨 소리야?),그건 파란 데서 튀어나온 거야.,,0,유용 표현,,,0,0,,
Can someone fill me in?,누가 상황 좀 설명해 줄래요?,누가 나를 채워줄래?,,0,유용 표현,,,0,0,,
Can you tell me what happened?,무슨 일이 있었는지 말해줄래?,무슨 일이 있었는지 말해줄 수 있어?,,0,유용 표현,,,0,0,,
That hit the spot.,딱 좋아요,그건 그 자리를 딱 쳤어.,,0,유용 표현,,,0,0,,
It really hit the spot.,정말 마음에 들어,그건 정말 그 자리를 딱 쳤어.,,0,유용 표현,,,0,0,,
That hit the spot.,딱 내 취향이야,그건 그 자리를 딱 쳤어.,,0,유용 표현,,,0,0,,
I'm not up for that.,별로 내키지 않아요,나는 그거 할 기분이 아니야.,,0,유용 표현,,,0,0,,
I'm not really up for it.,그럴 기분이 아니에요,나는 그거 할 기분이 정말 아니야.,,0,유용 표현,,,0,0,,
"It's a challenge, but I'm up for it.",힘들겠지만 한번 해볼게요,"그건 도전이지만, 나는 그거 할 마음이 있어.",,0,유용 표현,,,0,0,,
I'm up for it.,난 찬성이야,나는 그거 할 마음이 있어.,,0,유용 표현,,,0,0,,
It's out of my hands now.,이제 나도 어쩔 수 없어,이제 그건 내 손 밖에 있어.,,0,유용 표현,,,0,0,,
I'll keep that in mind.,명심할게요,그걸 내 마음속에 둘게.,,0,유용 표현,,,0,0,,
I'm beat.,정말 피곤해요,나 완전 녹초야.,,0,유용 표현,,,0,0,,
It's on me this time.,이번엔 내가 살게,이번에는 내가 살게.,,0,유용 표현,,,0,0,,
That rings a bell.,어디서 들어본 것 같아,그거 종이 울리네.,,0,유용 표현,,,0,0,,
Just what I needed!,딱 제게 필요했던 거예요,딱 내가 필요했던 거야!,,0,유용 표현,,,0,0,,
Just what I wanted!,내가 원하던 거야!,딱 내가 원했던 거야!,,0,유용 표현,,,0,0,,
I'm in a bind.,저 지금 곤란한 상황이에요,나 지금 묶인 상태야.,,0,유용 표현,,,0,0,,
You're telling me!,내 말이 그 말이야,내 말이 그 말이야!,,0,유용 표현,,,0,0,,
Let's agree to disagree.,서로 의견이 다른 걸로 해두죠,우리는 서로 동의하지 않기로 하자.,,0,유용 표현,,,0,0,,
Let's agree to disagree and move on.,서로의 견해차를 인정하고 넘어갑시다,우리는 서로 동의하지 않기로 하고 넘어가자.,,0,유용 표현,,,0,0,,
Agree to disagree.,개인의 취향이죠,동의하지 않기로 하자.,,0,유용 표현,,,0,0,,
No hard feelings.,서운해하지 마세요,딱딱한 감정은 없어.,,0,유용 표현,,,0,0,,
It's worth a shot.,한번 해볼 만해요,그건 한 번 쏴볼 만해.,,0,유용 표현,,,0,0,,
What's the occasion?,무슨 일인가요?,무슨 계기야?,,0,유용 표현,,,0,0,,
It doesn't add up.,말이 안 되잖아,그건 더해지지 않아.,,0,유용 표현,,,0,0,,
I'll take your word for it.,네 말을 한번 믿어볼게,네 말을 그대로 믿어볼게.,,0,유용 표현,,,0,0,,
I'm out of the loop.,전 완전 몰랐어요,나는 그 고리 밖에 있어.,,0,유용 표현,,,0,0,,
I will keep you in the loop.,진행 상황을 알려드릴게요,내가 너를 그 고리 안에 두겠어.,,0,유용 표현,,,0,0,,
You do you.,그냥 하고 싶은 대로 해,너는 너 해.,,0,유용 표현,,,0,0,,
That’s lit.,정말 멋져,그거 불붙었다.,,0,유용 표현,,,0,0,,
I'm seeing red.,정말 화가 나,나 빨간색이 보여.,,0,유용 표현,,,0,0,,
I’m stuffed.,배불러요,나 꽉 찼어.,,0,유용 표현,,,0,0,,
Did you catch my drift?,내 말 이해했어?,내 흐름을 잡았어?,,0,유용 표현,,,0,0,,
That's a silver lining.,불행 중 다행이네요,그건 은빛 안감이야.,,0,유용 표현,,,0,0,,
But do you know what? Every cloud has a silver lining.,그런데 그거 알아? 하늘이 무너져도 솟아날 구멍은 있어,근데 그거 알아? 모든 구름엔 은빛 안감이 있어.,,0,유용 표현,,,0,0,,
I'll cut right to the chase.,결론부터 말할게요,내가 바로 추격으로 들어갈게.,,0,유용 표현,,,0,0,,
Can we go over that again?,다시 설명해줄 수 있어?,우리가 그거 다시 훑어볼 수 있을까?,,0,유용 표현,,,0,0,,
"Could you go over that again, please.",다시 설명해줄 수 있나요?,그거 다시 훑어봐 주실 수 있나요?,,0,유용 표현,,,0,0,,
I'm not sure I'm cut out for it.,저한테 이 일이 맞는지 모르겠어요,그게 나한테 맞게 잘려 있는지 확신이 없어.,,0,유용 표현,,,0,0,,
Maybe I'm not cut out for this work.,이 일이 제 적성이 아닌가 봐요,어쩌면 나는 이 일에 맞게 잘려 있지 않은가 봐.,,0,유용 표현,,,0,0,,
I'm just not cut out for this.,그냥 저하고 맞지 않아요,나는 그냥 이거에 맞게 잘려 있지 않아.,,0,유용 표현,,,0,0,,
That's right up my alley.,그 일이라면 제 전문이에요,그건 딱 내 골목이야.,,0,유용 표현,,,0,0,,
It's right up my alley.,딱 내 스타일이야,그건 딱 내 골목이야.,,0,유용 표현,,,0,0,,
Can you cut me some slack?,좀 봐줄 수 없어?,나한테 좀 느슨함을 줄 수 있어?,,0,유용 표현,,,0,0,,
You can cut me some slack this once.,이번 한 번만 봐줘,이번 한 번은 나한테 좀 봐줄 수 있어.,,0,유용 표현,,,0,0,,
Let's cut him some slack.,이 정도는 봐주자,그에게 좀 봐주자.,,0,유용 표현,,,0,0,,
I've hit a wall. I gotta take a break.,한계에 다다랐네요. 좀 쉬어야겠어요,나 벽에 부딪혔어. 좀 쉬어야겠어.,,0,유용 표현,,,0,0,,
This is off the record.,이건 비밀이야,이건 기록 밖이야.,,0,유용 표현,,,0,0,,
"For the record, I'm not into that.","분명히 말하는데, 나 그거 별로 좋아하지 않아","기록을 위해 말하는데, 나는 그거 안 좋아해.",,0,유용 표현,,,0,0,,
"For the record, I think you're making a mistake.","분명히 말하는데, 너 실수하는 거야","기록을 위해 말하는데, 네가 실수하고 있다고 생각해.",,0,유용 표현,,,0,0,,
"For the record, that has nothing to do with me.","분명히 말하지만, 그 일은 나랑 상관없는 일이야","기록을 위해 말하는데, 그건 나와 아무 상관없어.",,0,유용 표현,,,0,0,,
That's a hard pass.,그건 안 될 것 같아,그건 단호한 패스야.,,0,유용 표현,,,0,0,,
I'm down for whatever.,난 뭐든지 좋아,나는 뭐든 좋아.,,0,유용 표현,,,0,0,,
I guess I was wrong.,내가 잘못 알았나 봐,내가 틀렸던 것 같아.,,0,유용 표현,,,0,0,,
You've made a mistake.,잘못 아셨어요,네가 실수했어.,,0,유용 표현,,,0,0,,
Can I get back to you?,나중에 다시 연락드려도 될까요?,내가 너에게 다시 돌아가도 될까?,,0,유용 표현,,,0,0,,
You said it!,내 말이 그 말이야!,네 말이 맞아!,,0,유용 표현,,,0,0,,
Look who's talking.,사돈 남 말 하네,누가 그런 말을 하나 보자.,,0,유용 표현,,,0,0,,
That's par for the course.,그건 예상된 일이에요,그건 코스에 딸린 거야.,,0,유용 표현,,,0,0,,
It's par for the course for her.,그녀에게는 흔한 일이에요,그녀에겐 그건 코스에 딸린 일이야.,,0,유용 표현,,,0,0,,
Nothing's set in stone yet.,아직 아무것도 결정된 게 없어요,아직 아무것도 돌에 새겨진 건 아니야.,,0,유용 표현,,,0,0,,
It's not set in stone.,딱히 정해진 건 없어,그건 돌에 새겨진 게 아니야.,,0,유용 표현,,,0,0,,
Don’t be a stranger.,자주 연락해,낯선 사람처럼 굴지 마.,,0,유용 표현,,,0,0,,
That’s a steal.,정말 싼 거야,그거 완전 헐값이야.,,0,유용 표현,,,0,0,,
Speak of the devil!,호랑이도 제 말 하면 온다더니!,악마를 말하니 나오네!,,0,유용 표현,,,0,0,,
I'm not a big fan of pasta.,전 파스타를 별로 좋아하지 않아요,나는 파스타의 큰 팬은 아니야.,,0,유용 표현,,,0,0,,
I bent over backwards.,난 최선을 다했어,나 뒤로 몸을 굽혀가며 했어.,,0,유용 표현,,,0,0,,
It's all in a day's work.,아주 일상적인 일이에요,그건 하루 일과 속 일이야.,,0,유용 표현,,,0,0,,
It's not what it looks like.,네가 생각하는 그런 거 아니야 (보이는 게 다가 아니야),그건 보이는 것 같은 게 아니야.,,0,유용 표현,,,0,0,,
I've got cold feet.,너무 겁이 나,나 발이 차가워졌어.,,0,유용 표현,,,0,0,,
I'm at the end of my rope.,참는 데도 한계가 있어,나 줄의 끝에 와 있어.,,0,유용 표현,,,0,0,,
I thought I was at the end of my rope.,모든 것이 끝났다고 생각했어요,나는 내 줄의 끝에 와 있다고 생각했어.,,0,유용 표현,,,0,0,,
Don't even talk about it.,말도 마,그 얘긴 아예 꺼내지도 마.,,0,유용 표현,,,0,0,,
That was a close call.,큰일 날 뻔했네요,그건 아슬아슬한 호출이었어.,,0,유용 표현,,,0,0,,
She had a close call.,그녀는 구사일생으로 살아났어요,그녀는 아슬아슬한 호출을 겪었어.,,0,유용 표현,,,0,0,,
Do you mind turning down the music?,음악 소리 좀 줄여줄래?,음악 좀 줄여줄래?,,0,유용 표현,,,0,0,,
"Could you pass the pancakes, please?",팬케익 좀 건네줄래요?,팬케이크 좀 건네주실래요?,,0,유용 표현,,,0,0,,
Does that ring a bell?,그거 기억나?,그거 종이 울려?,,0,유용 표현,,,0,0,,
It doesn't ring a bell.,기억이 전혀 안나요,그거 종이 안 울리네.,,0,유용 표현,,,0,0,,
The name rings a bell.,이름은 기억이 나네요,그 이름은 종이 울린다.,,0,유용 표현,,,0,0,,
I’m feeling puckish.,조금 출출해요,나 좀 출출해.,,0,유용 표현,,,0,0,,
Can you take a picture of us?,저희 사진 좀 찍어주실 수 있나요?,우리 사진 좀 찍어줄 수 있어?,,0,유용 표현,,,0,0,,
I'll think it over.,좀 더 생각해 볼게요,내가 그걸 곰곰이 생각해볼게.,,0,유용 표현,,,0,0,,
"Excuse me, is this seat taken?","실례지만, 여기 자리 있나요?","실례지만, 이 자리 임자 있나요?",,0,유용 표현,,,0,0,,
"I'm sorry, this seat is taken.",죄송한데 여기 자리 있는데요,"죄송하지만, 이 자리 임자 있어요.",,0,유용 표현,,,0,0,,
How much is this suit jacket?,이 재킷은 얼마예요?,이 정장은 얼마예요?,,0,유용 표현,,,0,0,,
Do you have this in a smaller size?,이거 더 작은 사이즈 있나요?,이거 더 작은 사이즈 있나요?,,0,유용 표현,,,0,0,,
Where is the nearest subway station?,가장 가까운 지하철역은 어디에 있나요?,가장 가까운 지하철역이 어디예요?,,0,유용 표현,,,0,0,,
It’s not far from here.,여기서 멀지 않아요,여기서 멀지 않아.,,0,유용 표현,,,0,0,,
We should get going.,이제 출발해야 해요,우리 이제 가야겠어.,,0,유용 표현,,,0,0,,
What's the weather going to be like tomorrow?,내일 날씨는 어떨까요?,내일 날씨는 어떻게 될 것 같아?,,0,유용 표현,,,0,0,,
We ran out of coffee.,커피가 다 떨어졌네요,우리는 커피가 다 떨어졌어.,,0,유용 표현,,,0,0,,
How do I get to the art museum from here?,여기서 미술관까지 어떻게 가나요?,여기서 미술관까지 나는 어떻게 가?,,0,유용 표현,,,0,0,,
Could you say that again more slowly?,좀 더 천천히 다시 말씀해 주시겠어요?,그걸 다시 더 천천히 말해줄 수 있나요?,,0,유용 표현,,,0,0,,
What's your name? My name is Emily.,성함이 어떻게 되시죠? 에밀리요,당신 이름이 뭐예요? 내 이름은 Emily예요.,,0,유용 표현,,,0,0,,
How do you spell your name?,성함의 스펠링(철자)이 어떻게 되죠?,당신 이름 철자를 어떻게 써요?,,0,유용 표현,,,0,0,,
How do you spell that?,스펠링이 어떻게 되죠?,그거 철자를 어떻게 써요?,,0,유용 표현,,,0,0,,
How do you spell 'entrepreneur',‘창업가’는 스펠링(철자)이 어떻게 되죠?,entrepreneur 철자를 어떻게 써요?,,0,유용 표현,,,0,0,,
Can I use your charger.,충전기 좀 써도 될까요?,당신 충전기 좀 써도 될까요?,,0,유용 표현,,,0,0,,
What time is it?,몇 시예요?,지금 몇 시예요?,,0,유용 표현,,,0,0,,
Would you like to have a seat?,앉으시겠어요?,앉으시겠어요?,,0,유용 표현,,,0,0,,
"Please, have a seat.",앉으세요,앉으세요.,,0,유용 표현,,,0,0,,
"Can I get the check, please?",계산서 좀 주시겠어요?,계산서 좀 받을 수 있을까요?,,0,유용 표현,,,0,0,,
Do you speak English?,영어 할 줄 아세요?,영어 할 줄 아세요?,,0,유용 표현,,,0,0,,
"I'm from the United States, it's my first time here.","저는 미국에서 왔어요, 여긴 처음이에요","저는 미국에서 왔고, 여기 처음이에요.",,0,유용 표현,,,0,0,,
It's my first time here in Korea.,한국 방문은 이번이 처음이에요,저는 한국에 여기 처음이에요.,,0,유용 표현,,,0,0,,
I live in New York.,저는 뉴욕에서 살아요,저는 뉴욕에 살아요.,,0,유용 표현,,,0,0,,
What do you do for a living?,무슨 일을 하세요?,무슨 일로 먹고사세요?,,0,유용 표현,,,0,0,,
I work as a graphic designer.,저는 그래픽 디자이너로 일해요,저는 그래픽 디자이너로 일해요.,,0,유용 표현,,,0,0,,
Is there Wi-Fi available here?,여기 와이파이 사용 가능한가요?,여기 와이파이 이용 가능한가요?,,0,유용 표현,,,0,0,,
Could I get the Wi-Fi password?,와이파이 비밀번호 좀 알려주실 수 있나요?,와이파이 비밀번호 좀 받을 수 있을까요?,,0,유용 표현,,,0,0,,
What’s the password for the Wi-Fi?,와이파이 비밀번호가 뭐예요?,와이파이 비밀번호가 뭐예요?,,0,유용 표현,,,0,0,,
I’d like to make an appointment.,예약하고 싶습니다,예약 하나 하고 싶습니다.,,0,유용 표현,"[설명]
(시간) 예약을 하다 – 병원, 수리 예약 등",,0,0,,
I’d like to make a reservation.,예약하고 싶습니다,예약 하나 하고 싶습니다.,,0,유용 표현,"[설명]
(공간) 예약을 하다 – 호텔, 식당, 비행기 등",,0,0,,
I'd like an appointment for 2 tomorrow.,내일 2시에 예약하고 싶은데요,내일 2시에 예약 하나 하고 싶습니다.,,0,유용 표현,,,0,0,,
Do I need an appointment for a haircut?,머리 자르려면 예약을 해야 하나요?,머리 자르려면 예약이 필요하나요?,,0,유용 표현,,,0,0,,
Can I make an appointment for today?,오늘 만나 뵐 수 있을까요?,오늘 예약 하나 할 수 있을까요?,,0,유용 표현,,,0,0,,
What time does it open?,몇 시에 문을 여나요?,몇 시에 열어요?,,0,유용 표현,,,0,0,,
What time does it close?,몇 시에 문을 닫나요?,몇 시에 닫아요?,,0,유용 표현,,,0,0,,
Can you recommend a good restaurant?,괜찮은 식당을 추천해 주실 수 있나요?,좋은 식당 하나 추천해줄 수 있어?,,0,유용 표현,,,0,0,,
Can you recommend a good restaurant near here?,이 근처에 좋은 식당 좀 추천해 주시겠어요?,이 근처에 좋은 식당 하나 추천해줄 수 있어?,,0,유용 표현,,,0,0,,
I’d like to cancel my order.,주문을 취소하고 싶습니다,주문을 취소하고 싶습니다.,,0,유용 표현,,,0,0,,
I’ll have the same thing.,저도 같은 걸로 주세요,저도 같은 걸로 할게요.,,0,유용 표현,,,0,0,,
I’ll have the same as her,같은 걸로 할게요,저도 그녀와 같은 걸로 할게요.,,0,유용 표현,,,0,0,,
I’m looking for the restroom,화장실을 찾고 있어요,저는 화장실을 찾고 있어요.,,0,유용 표현,,,0,0,,
Excuse me. Where is the restroom?,"실례지만, 화장실이 어디예요?",실례합니다. 화장실이 어디예요?,,0,유용 표현,,,0,0,,
Can you recommend a good movie?,괜찮은 영화 추천해줄 수 있나요?,좋은 영화 하나 추천해줄 수 있어?,,0,유용 표현,,,0,0,,
I’d like to book a round-trip ticket.,왕복표를 예약하고 싶습니다,왕복 티켓을 예약하고 싶습니다.,,0,유용 표현,,,0,0,,
"Can I get a round-trip ticket to Incheon, please?",인천행 왕복 티켓 한 장 주세요,인천행 왕복 티켓 한 장 받을 수 있을까요?,,0,유용 표현,,,0,0,,
I’ll call for a taxi.,택시를 부를게요,내가 택시를 부를게.,,0,유용 표현,,,0,0,,
Could we order dessert?,디저트 주문해도 될까요?,디저트 주문해도 될까요?,,0,유용 표현,,,0,0,,
I feel sluggish.,몸이 나른해요,나 몸이 좀 나른해.,,0,유용 표현,,,0,0,,
Thank you for your help. Don't mention it.,도와주셔서 감사합니다. 별말씀을요,도와줘서 고마워요. 언급도 마세요.,,0,유용 표현,,,0,0,,
I'm flattered.,과찬이세요,과찬이세요.,,0,유용 표현,,,0,0,,
I get the picture!,무슨 말인지 알겠어,나 그림이 그려져!,,0,유용 표현,,,0,0,,
Enjoy your meal.,맛있게 드세요,식사 즐기세요.,,0,유용 표현,,,0,0,,
That figures.,그럴 줄 알았어,그럴 만하네.,,0,유용 표현,,,0,0,,
Time's up. I've got to go.,시간이 다 되었네요. 이만 가봐야겠어요,시간 끝났어. 나 가야 해.,,0,유용 표현,,,0,0,,
It could be.,그럴 수도 있겠네요,그럴 수도 있지.,,0,유용 표현,,,0,0,,
I'm off today.,오늘 쉬는 날이에요,나 오늘 쉬어.,,0,유용 표현,,,0,0,,
She's on sick leave.,그녀는 병가 중이에요,그녀는 병가 중이야.,,0,유용 표현,,,0,0,,
That's so random.,정말 뜬금없네요,그거 정말 뜬금없다.,,0,유용 표현,,,0,0,,
Good to go!,좋아요!,갈 준비 좋아!,,0,유용 표현,,,0,0,,
That was epic.,역대급이었어,그건 서사시급이었어.,,0,유용 표현,,,0,0,,
I'm on the phone.,통화 중이에요,나 통화 중이야.,,0,유용 표현,,,0,0,,
I have no appetite these days.,요즘 통 입맛이 없네요,나 요즘 식욕이 없어.,,0,유용 표현,,,0,0,,
I'm about to leave.,이제 막 가려던 참이었어,나 이제 막 떠나려는 참이야.,,0,유용 표현,,,0,0,,
It's really touching.,정말 감동적이네요,그건 정말 감동적이야.,,0,유용 표현,,,0,0,,
It's moving. I'm about to cry.,감동적이에요. 눈물이 날 것 같아요,그건 감동적이야. 나 거의 울 것 같아.,,0,유용 표현,,,0,0,,
I ache all over.,몸살이 났어요,나 온몸이 쑤셔.,,0,유용 표현,,,0,0,,
Please hear me out.,일단 내 얘기 좀 들어봐,내 말 좀 끝까지 들어줘.,,0,유용 표현,,,0,0,,
"Will you just hear me out, please?",내 말 좀 끝까지 들어봐줄래?,제발 내 말 좀 끝까지 들어줄래?,,0,유용 표현,,,0,0,,
Thanks for everything.,여러모로 고맙습니다,모든 것에 대해 고마워.,,0,유용 표현,,,0,0,,
You can make it.,넌 할 수 있어,넌 해낼 수 있어.,,0,유용 표현,,,0,0,,
Are you almost done? I'm working on it.,거의 다 됐나요? 지금 하고 있어요,거의 다 됐어? 나 지금 하는 중이야.,,0,유용 표현,,,0,0,,
How's your diet going? I'm trying.,다이어트는 어떻게 돼가? 노력 중이야,다이어트는 어떻게 가고 있어? 나 노력 중이야.,,0,유용 표현,,,0,0,,
It's a token of my appreciation.,저의 작은 성의 표시예요,이건 내 감사의 표시야.,,0,유용 표현,,,0,0,,
I appreciate it.,정말 고마워요,정말 감사해.,,0,유용 표현,,,0,0,,
I've been meaning to ask you.,안 그래도 너한테 물어보려고 했었어,안 그래도 너한테 물어보려던 참이었어.,,0,유용 표현,,,0,0,,
It depends.,그건 상황에 따라 달라,그건 상황에 달려 있어.,,0,유용 표현,,,0,0,,
Where do you live?,어디에 사세요?,어디에 살아?,,0,유용 표현,,,0,0,,
I wish you all the best.,모든 일이 잘 되시길 바랍니다,네게 모든 최선을 바라.,,0,유용 표현,,,0,0,,
Where is your hometown?,고향이 어디세요?,고향이 어디야?,,0,유용 표현,,,0,0,,
Get some rest.,좀 쉬세요,좀 쉬어.,,0,유용 표현,,,0,0,,
Do you have any hobbies?,취미가 뭐예요?,취미가 뭐 있어?,,0,유용 표현,,,0,0,,
Could you please line up.,줄 좀 서 주시겠어요?,줄 좀 서 주시겠어요.,,0,유용 표현,,,0,0,,
May I come in?,들어가도 되나요?,들어가도 될까요?,,0,유용 표현,,,0,0,,
Are you free tomorrow?,내일 시간 괜찮으신가요?,내일 시간 돼?,,0,유용 표현,,,0,0,,
Do you have time today?,오늘 시간 있으세요?,오늘 시간 있어?,,0,유용 표현,,,0,0,,
I will take this one.,이거로 할게요,나는 이걸로 할게.,,0,유용 표현,,,0,0,,
It's 10 minutes from here.,여기서 10분 거리에 있어요,여기서 10분이야.,,0,유용 표현,,,0,0,,
It's about a ten-minute walk.,걸어서 10분 정도의 거리예요,걸어서 대략 10분 거리야.,,0,유용 표현,,,0,0,,
It takes about 20 minutes by car.,차로 20분 정도 걸려요,차로는 대략 20분 걸려.,,0,유용 표현,,,0,0,,
There's nothing to worry about.,걱정할 것 하나도 없어,걱정할 건 아무것도 없어.,,0,유용 표현,,,0,0,,
How much is a round trip ticket?,왕복 티켓은 얼마죠?,왕복 티켓은 얼마예요?,,0,유용 표현,,,0,0,,
You have to pay first.,선불입니다,먼저 지불해야 해.,,0,유용 표현,,,0,0,,
I'll do my best.,최선을 다하겠습니다,최선을 다할게.,,0,유용 표현,,,0,0,,
"If given the chance, I'll do my best.","기회가 주어진다면, 열심히 하겠습니다","기회가 주어진다면, 최선을 다할게.",,0,유용 표현,,,0,0,,
What’s the exchange rate?,환율이 어떻게 되나요?,환율이 어떻게 돼요?,,0,유용 표현,,,0,0,,
"Excuse me, are you in line?","실례지만, 줄 서고 계신 건가요?","실례하지만, 줄 서 계신가요?",,0,유용 표현,,,0,0,,
"Yes, I’m in line.","네, 줄 서 있는 거예요","네, 저 줄 서 있는 중이에요.",,0,유용 표현,,,0,0,,
"No, I'm not in line.","아니요, 줄 서 있는 거 아니에요","아니요, 저 줄 서 있는 거 아니에요.",,0,유용 표현,,,0,0,,
What do you do?,무슨 일하세요?,무슨 일하세요?,,0,유용 표현,,,0,0,,
What kind of work do you do?,어떤 일을 하시는 거예요?,어떤 종류의 일을 하세요?,,0,유용 표현,,,0,0,,
I work in education. I'm a high school teacher.,저는 교육 분야에서 일합니다. 고등학교 선생님입니다,저는 교육 분야에서 일해요. 고등학교 선생님이에요.,,0,유용 표현,,,0,0,,
You can take my word for it.,내 말 믿어도 돼,내 말 그대로 믿어도 돼.,,0,유용 표현,,,0,0,,
It's so cringey.,완전 오글거려,그거 진짜 오글거려.,,0,유용 표현,,,0,0,,
I messed up.,망했어,나 망쳤어.,,0,유용 표현,,,0,0,,
I’m screwed.,나 완전 망했어,나 완전 끝났어.,,0,유용 표현,,,0,0,,
How do I know?,내가 어떻게 알아,내가 어떻게 알아?,,0,유용 표현,,,0,0,,
Don't go too far.,적당히 해,너무 멀리 가지 마.,,0,유용 표현,,,0,0,,
Who cares?,무슨 상관이야?,누가 신경 써?,,0,유용 표현,,,0,0,,
It just sort of happened.,어쩌다 보니 그렇게 됐어,그냥 좀 그렇게 되어버렸어.,,0,유용 표현,,,0,0,,
That’s classic.,너무 뻔하잖아,그거 참 전형적이다.,,0,유용 표현,,,0,0,,
You've done enough.,넌 할 만큼 했어,너 충분히 했어.,,0,유용 표현,,,0,0,,
This is sick.,역겨워,이건 역겨워.,,0,유용 표현,,,0,0,,
How come?,어쩌다?,어떻게 해서?,,0,유용 표현,,,0,0,,
It figures!,그럼 그렇지,그럴 줄 알았지!,,0,유용 표현,,,0,0,,
I'm gonna take off.,그만 가볼게,나 이제 뜰게.,,0,유용 표현,,,0,0,,
This is so typical.,늘 이렇다니까,이건 너무 전형적이야.,,0,유용 표현,,,0,0,,
Won’t happen again,다시는 그런 일 없을 거야,다시는 안 일어날 거야.,,0,유용 표현,,,0,0,,
I'm wiped out.,힘 빠진다,나 완전히 녹초야.,,0,유용 표현,,,0,0,,
What a cliché.,너무 식상해,정말 클리셰다.,,0,유용 표현,,,0,0,,
What a twist.,반전이다,정말 반전이다.,,0,유용 표현,,,0,0,,
It's so fake!,정말 가식적이야,이거 너무 가짜야!,,0,유용 표현,,,0,0,,
It's very unreal.,정말 비현실적이다,이건 정말 비현실적이야.,,0,유용 표현,,,0,0,,
I fell for it.,속았네요,나 그거에 속았어.,,0,유용 표현,,,0,0,,
It's a pain in the neck.,진상이네요,그건 목의 통증거리야.,,0,유용 표현,,,0,0,,
She's a big pain in the neck.,걘 정말 골치덩어리야,그녀는 정말 큰 목의 통증거리야.,,0,유용 표현,,,0,0,,
It’s a nuisance.,민폐다,그건 민폐야.,,0,유용 표현,,,0,0,,
Do it right.,제대로 해,제대로 해.,,0,유용 표현,,,0,0,,
You're asking for it!,다 자업자득이다!,너 그러다 당한다!,,0,유용 표현,,,0,0,,
That's very petty.,정말 쩨쩨하다,그건 정말 쩨쩨해.,,0,유용 표현,,,0,0,,
Ease up!,기분 풀어!,좀 느슨하게 해!,,0,유용 표현,,,0,0,,
You never know.,혹시 모르잖아,너는 절대 모르지.,,0,유용 표현,,,0,0,,
That's what I'm saying.,그러게 말이야,내 말이 그 말이야.,,0,유용 표현,,,0,0,,
I'm torn.,고민 중이야,나 찢겨 있어.,,0,유용 표현,,,0,0,,
It's locked in,따 놓은 당상이야,그건 이미 잠겼어.,,0,유용 표현,,,0,0,,
You're so cheap.,너 정말 치사하다,너 정말 치사하다.,,0,유용 표현,,,0,0,,
That's tempting!,솔깃한데?,그거 솔깃한데!,,0,유용 표현,,,0,0,,
I didn't think it through.,내 생각이 짧았어,그걸 끝까지 생각해보지 못했어.,,0,유용 표현,,,0,0,,
Let's call it even with this!,이걸로 퉁치자,이걸로 퉁치자!,,0,유용 표현,,,0,0,,
I'm puzzled.,얼떨떨해요,나 어리둥절해.,,0,유용 표현,,,0,0,,
I’m fed up!,징글징글하다,나 정말 질렸어!,,0,유용 표현,,,0,0,,
It's a weight off my shoulders.,한시름 덜었네,그건 내 어깨에서 무게 하나 내려간 거야.,,0,유용 표현,,,0,0,,
I'm not in the mood.,나 그럴 기분 아니야,나 그럴 기분 아니야.,,0,유용 표현,,,0,0,,
Can't take a hint!,눈치가 없네,눈치도 못 채네!,,0,유용 표현,,,0,0,,
How absurd!,황당하네,얼마나 터무니없어!,,0,유용 표현,,,0,0,,
It doesn't add up.,말이 앞뒤가 안 맞잖아,그건 앞뒤가 안 맞아.,,0,유용 표현,,,0,0,,
It is what it is!,어쩔 수 없지 뭐,있는 건 있는 거지.,,0,유용 표현,,,0,0,,
Stop whining.,징징대지 좀 마,징징대는 것 좀 그만해.,,0,유용 표현,,,0,0,,
You never learn!,넌 구제불능이야,넌 절대 배우질 못해!,,0,유용 표현,,,0,0,,
I have no excuse for that.,입이 열 개라도 할 말이 없어,그거에 대해 난 변명할 게 없어.,,0,유용 표현,,,0,0,,
You know it was an accident.,너도 알다시피 그건 사고였어,너도 알잖아 그건 사고였다는 걸.,,0,유용 표현,,,0,0,,
How frustrating.,아유 속 터져,얼마나 답답한지.,,0,유용 표현,,,0,0,,
It’s so frustrating!,아! 답답해,이거 정말 답답해!,,0,유용 표현,,,0,0,,
I feel so frustrated.,너무 답답해,나 너무 답답해.,,0,유용 표현,,,0,0,,
How dare you?,어떻게 그럴 수 있지?,어떻게 그럴 수 있어?,,0,유용 표현,,,0,0,,
What a surprise!,뜻밖이네!,정말 놀랍네!,,0,유용 표현,,,0,0,,
As if!,퍽이나! (그럴 리가 없잖아),그럴 리가!,,0,유용 표현,,,0,0,,
This is ridiculous.,어이가 없네,이건 말도 안 돼.,,0,유용 표현,,,0,0,,
I didn't even think about it.,생각지도 못했어,난 그거에 대해 아예 생각조차 못 했어.,,0,유용 표현,,,0,0,,
I never thought.,생각도 못 했어,난 전혀 생각 못 했어.,,0,유용 표현,,,0,0,,
I feel so great.,기분 정말 최고야,나 기분이 정말 좋아.,,0,유용 표현,,,0,0,,
I feel suffocated.,숨 막힌다,숨 막혀.,,0,유용 표현,,,0,0,,
What’s the point?,결론이 뭐야?,요점이 뭐야?,,0,유용 표현,,,0,0,,
What a turnoff!,완전 깬다,정말 깨는군!,,0,유용 표현,,,0,0,,
I'm speechless.,할 말이 없다!,나 할 말을 잃었어.,,0,유용 표현,,,0,0,,
I am so annoyed!,완전 짜증 나,나 정말 짜증 나!,,0,유용 표현,,,0,0,,
Keep it together.,침착해!,정신 붙잡아.,,0,유용 표현,,,0,0,,
Something just came up.,갑자기 일이 좀 생겼어,갑자기 일이 하나 생겼어.,,0,유용 표현,,,0,0,,
It gave me chills!,소름 돋는다,그게 내게 소름을 줬어!,,0,유용 표현,,,0,0,,
Don't bother.,굳이 그러지 마,굳이 하지 마.,,0,유용 표현,,,0,0,,
I'm sorry. I didn’t mean to interrupt,미안해. 방해하려는 건 아니었어,미안해. 방해하려던 건 아니었어.,,0,유용 표현,,,0,0,,
I wasn't born yesterday.,나 바보가 아니야,나 어제 태어난 거 아니야.,,0,유용 표현,,,0,0,,
Can I get change for this?,잔돈으로 바꿔주시겠어요?,이걸 잔돈으로 바꿔줄 수 있을까요?,,0,유용 표현,,,0,0,,
I'm stressed out.,골치 아파,나 스트레스 엄청 받아.,,0,유용 표현,,,0,0,,
I'm telling you.,정말이야,내가 말하잖아.,,0,유용 표현,,,0,0,,
What a relief!,정말 다행이야!,정말 안도다!,,0,유용 표현,,,0,0,,
Keep it between us.,우리 둘만 아는 걸로 해,우리끼리만 하자.,,0,유용 표현,,,0,0,,
I lost track of time.,시간 가는 줄 몰랐네요,시간 가는 줄 몰랐어.,,0,유용 표현,,,0,0,,
Good for you.,잘 됐네요,너한텐 잘됐네.,,0,유용 표현,,,0,0,,
It's really nice out today.,오늘 날씨 진짜 좋네요,오늘 밖이 정말 좋다.,,0,유용 표현,,,0,0,,
What day is it today? Monday.,오늘 무슨 요일이지? 월요일이야,오늘 무슨 요일이야? 월요일이야.,,0,유용 표현,,,0,0,,
"Did you hear that? Yes, I heard about that.","그거 들었어? 응, 들었어","그거 들었어? 응, 그거에 대해 들었어.",,0,유용 표현,,,0,0,,
A: No offense B: None taken.,A: 악의는 없어 B: 괜찮아,A: 악의는 없어 B: 안 받아들였어.,,0,유용 표현,,,0,0,,
That was not what I meant.,내 말은 그런 뜻이 아니었어,그건 내가 뜻한 바가 아니었어.,,0,유용 표현,,,0,0,,
I think you're mistaken.,네가 오해하고 있는 것 같아,네가 착각하고 있는 것 같아.,,0,유용 표현,,,0,0,,
I never said that.,난 그런 말 한 적 없어,난 그런 말 한 적 없어.,,0,유용 표현,,,0,0,,
You're putting words in my mouth.,그런 말 한 적 없어,넌 내 입에 말을 넣고 있어.,,0,유용 표현,,,0,0,,
I'm sorry about before.,아까는 미안했어,아까 일은 미안해.,,0,유용 표현,,,0,0,,
It was a mistake.,실수였어,그건 실수였어.,,0,유용 표현,,,0,0,,
I didn't do it on purpose.,일부러 그런 게 아니었어,난 일부러 그런 게 아니었어.,,0,유용 표현,,,0,0,,
I didn't mean to,고의로 그런 게 아니야,난 그런 의도가 아니었어.,,0,유용 표현,,,0,0,,
It's hopeless.,가망이 없어,그건 가망이 없어.,,0,유용 표현,,,0,0,,
I'm falling apart.,아~ 멘붕이다,나 무너지고 있어.,,0,유용 표현,,,0,0,,
It suits you.,잘 어울려,그거 너한테 잘 어울려.,,0,유용 표현,,,0,0,,
I think you might have misunderstood.,뭔가 잘못 이해하신 것 같아요,네가 오해했을지도 모르겠어.,,0,유용 표현,,,0,0,,
I have no hard feelings.,나쁜 감정은 없어,난 딱딱한 감정은 없어.,,0,유용 표현,,,0,0,,
I’ll look into it,내가 알아볼게,내가 그걸 들여다볼게.,,0,유용 표현,,,0,0,,
What’s on your mind?,무슨 일 있어?,네 마음에 뭐가 있어?,,0,유용 표현,,,0,0,,
What's bugging you?,무슨 걱정 있어?,뭐가 너를 괴롭혀?,,0,유용 표현,,,0,0,,
I’m all in,전적으로 동의해,나 완전 들어간다.,,0,유용 표현,,,0,0,,
"No matter what happens, I'll be on your side",무슨 일이 있어도 난 네 편이야,"무슨 일이 일어나든, 난 네 편에 있을게.",,0,유용 표현,,,0,0,,
I've got to get going,이제 가봐야 할 것 같아,나 이제 가봐야겠어.,,0,유용 표현,,,0,0,,
I got that,알아,나 그거 알아.,,0,유용 표현,,,0,0,,
You’re barking up the wrong tree,잘못 짚으신 것 같은데요,넌 엉뚱한 나무에 짖고 있어.,,0,유용 표현,,,0,0,,
I'm out of time,시간이 없어,난 시간이 다 됐어.,,0,유용 표현,,,0,0,,
I'm on a diet,다이어트 중이야,나 다이어트 중이야.,,0,유용 표현,,,0,0,,
Are you free this weekend?,이번 주말에 시간 돼요?,이번 주말에 시간 돼?,,0,유용 표현,,,0,0,,
Do you want to join us for dinner?,저녁 같이 먹을래?,우리와 저녁에 함께할래?,,0,유용 표현,,,0,0,,
I think I'll pass,전 사양할게요,나는 패스할게.,,0,유용 표현,,,0,0,,
That's a hard pass,난 됐어,그건 단호한 패스야.,,0,유용 표현,,,0,0,,
How about coffee?,그럼 커피는 어때?,커피는 어때?,,0,유용 표현,,,0,0,,
That's a hard pass as well,그것도 안돼,그것도 단호한 패스야.,,0,유용 표현,,,0,0,,
I got a lot on my mind,머릿속이 복잡해,내 마음 위에 생각이 많아.,,0,유용 표현,,,0,0,,
You've got it in you,넌 할 수 있어,너 안에 그게 있어.,,0,유용 표현,,,0,0,,
I really wish you all the best,정말 잘 됐으면 좋겠어,난 정말 네게 모든 최선을 바라.,,0,유용 표현,,,0,0,,
What's the date today?,오늘 며칠이야?,오늘 날짜가 며칠이야?,,0,유용 표현,,,0,0,,
It’s September 30th,9월 30일이야,9월 30일이야.,,0,유용 표현,,,0,0,,
What day is it today?,오늘 무슨 요일이야?,오늘 무슨 요일이야?,,0,유용 표현,,,0,0,,
It's Saturday,토요일이야,토요일이야.,,0,유용 표현,,,0,0,,
I wish you the best,잘 되길 바라요,네게 최선을 바라.,,0,유용 표현,,,0,0,,
"It's September 10th, 1990",1990년 9월 10일입니다,1990년 9월 10일이야.,,0,유용 표현,,,0,0,,
When is your birthday?,생일이 언제야?,네 생일이 언제야?,,0,유용 표현,,,0,0,,
It’s September 10th,9월 10일이야,9월 10일이야.,,0,유용 표현,,,0,0,,
What did you say?,뭐라고?,뭐라고 했어?,,0,유용 표현,,,0,0,,
Could you say that again?,한번 더 말씀해 주시겠어요?,그걸 다시 말해줄 수 있나요?,,0,유용 표현,,,0,0,,
A: Sorry I’m late! B: It's all good,A: 늦어서 미안해요! B: 괜찮아요,A: 미안 늦었어! B: 다 괜찮아.,,0,유용 표현,,,0,0,,
Do you mind?,(~해도) 괜찮아요?,신경 쓰여?,,0,유용 표현,,,0,0,,
Do you mind waiting for a while?,잠시 기다려 주시겠습니까?,잠시 기다리는 거 괜찮아요?,,0,유용 표현,,,0,0,,
Do you mind?,그만 좀 할래?,신경 쓰여?,,0,유용 표현,,,0,0,,
Do you mind? You’re being too loud,좀 조용히 해 줄래? 너무 시끄러워,신경 쓰여? 너 너무 시끄러워.,,0,유용 표현,,,0,0,,
You're being mean,너 진짜 너무한다,너 못되게 굴고 있어.,,0,유용 표현,,,0,0,,
Knock it off!,그만해,그만해!,,0,유용 표현,,,0,0,,
That's not what I meant at all,그런 뜻이 전혀 아니었어,그건 내가 뜻한 바가 전혀 아니야.,,0,유용 표현,,,0,0,,
I am aware,나도 알아,나 알고 있어.,,0,유용 표현,,,0,0,,
I hear you,네 맘 알아,네 말 알아들어.,,0,유용 표현,,,0,0,,
That's what I'm saying,내 말이 그 말이야,그게 내가 말하는 거야.,,0,유용 표현,,,0,0,,
How do I say it in English?,영어로 이걸 뭐라고 하죠?,이걸 영어로 어떻게 말해?,,0,유용 표현,,,0,0,,
"There you go, you did a good job","바로 그거야, 잘 했어","거기 봐, 잘했어.",,0,유용 표현,,,0,0,,
There you go. That's how to do it,잘했어. 그렇게 하는 거야,거기 봐. 그렇게 하는 거야.,,0,유용 표현,,,0,0,,
Not a chance!,어림없어,절대 안 돼!,,0,유용 표현,,,0,0,,
That's never going to happen,그럴 일은 없을 거야,그건 절대 일어나지 않을 거야.,,0,유용 표현,,,0,0,,
"Don't worry, there's no chance of that happening",걱정하지 마. 그럴 가능성은 없어,"걱정 마, 그런 일이 일어날 가능성은 없어.",,0,유용 표현,,,0,0,,
Mind your own business!,너나 잘하세요,네 일이나 신경 써!,,0,유용 표현,,,0,0,,
This is none of your business,네가 상관할 바가 아니잖아,이건 네 일이 아니야.,,0,유용 표현,,,0,0,,
I'll talk to you later,다음에 또 연락할게,내가 나중에 너에게 말할게.,,0,유용 표현,,,0,0,,
Everything okay?,괜찮아?,다 괜찮아?,,0,유용 표현,,,0,0,,
I’m just getting by,그럭저럭 버티는 중이야,나 그냥 버티는 중이야.,,0,유용 표현,,,0,0,,
He says he forgot to mention it,걔가 그 말 하는 거 깜빡했대,그가 그 말을 언급하는 걸 잊었다고 해.,,0,유용 표현,,,0,0,,
That doesn’t sit well with me,난 그게 좀 찝찝해,그건 내게 잘 앉지 않아.,,0,유용 표현,,,0,0,,
Is the process complicated?,절차가 복잡해?,그 과정은 복잡해?,,0,유용 표현,,,0,0,,
You fill out the form and send it in That’s all there is to it,양식 작성해서 보내면 돼. 그게 다야,양식을 채우고 보내면 돼. 그게 전부야.,,0,유용 표현,,,0,0,,
That comes with the territory,그건 감수해야 하는 부분이야,그건 그 영역에 딸려 오는 거야.,,0,유용 표현,,,0,0,,
The meeting got pushed back to tomorrow,회의가 내일로 미뤄졌어요,회의가 내일로 뒤로 밀렸어.,,0,유용 표현,,,0,0,,
That’s good to know. I wasn’t ready yet,다행이네. 아직 준비가 안 됐거든,그건 알아두면 좋네. 난 아직 준비 안 됐거든.,,0,유용 표현,,,0,0,,
The file was already saved automatically,파일이 이미 자동으로 저장돼 있었어요,그 파일은 이미 자동으로 저장돼 있었어.,,0,유용 표현,,,0,0,,
That’s good to know. I thought I lost everything,다행이다. 다 날린 줄 알았어,그건 알아두면 좋네. 난 다 잃어버린 줄 알았어.,,0,유용 표현,,,0,0,,
"She’s allergic to nuts, just so you know",참고로 그녀는 견과류 알레르기가 있어요,"참고로, 그녀는 견과류 알레르기가 있어.",,0,유용 표현,,,0,0,,
"Oh, good to know","아, 알겠습니다","아, 알아두면 좋네.",,0,유용 표현,,,0,0,,
Dessert? My treat,디저트 먹을래? 내가 살게,디저트? 내 턱이야.,,0,유용 표현,,,0,0,,
"Thanks, but that’s more than enough","고마운데, 이 정도면 충분해","고마운데, 그건 충분하고도 남아.",,0,유용 표현,,,0,0,,
You want dessert?,디저트 시킬까?,디저트 원해?,,0,유용 표현,,,0,0,,
"I’ll pass, I'm stuffed",난 괜찮아. 배 터질 것 같아,"난 패스할게, 배가 꽉 찼어.",,0,유용 표현,,,0,0,,
Can you come to my housewarming party?,집들이에 올 수 있어?,내 집들이 파티에 올 수 있어?,,0,유용 표현,"[설명]
Housewarming party : 집들이",,0,0,,
I’ll make time for it,시간 내볼게,그걸 위해 시간을 내볼게.,,0,유용 표현,,,0,0,,
He’s still upset,그는 아직도 화나 있어,그는 아직도 속상해해.,,0,유용 표현,,,0,0,,
I can’t figure out why he’s so angry,왜 그렇게 화났는지 도무지 모르겠어,왜 그가 그렇게 화났는지 난 이해할 수가 없어.,,0,유용 표현,,,0,0,,
This looks complicated,이거 좀 복잡해 보인다,이건 복잡해 보여.,,0,유용 표현,,,0,0,,
"Yeah, but I’ll figure it out",그래도 내가 해결해 볼게,"응, 하지만 내가 그걸 해결해볼게.",,0,유용 표현,,,0,0,,
I’m drained—it’s been back-to-back meetings,회의가 연달아 있어서 기진맥진이야,나 기운이 다 빠졌어. 회의가 연달아 있었거든.,,0,유용 표현,"[설명]
back-to-back : 연달아, 연속으로, 텀 없이",,0,0,,
That checks out,그럴 수밖에 없지,그건 체크해보니 맞네.,,0,유용 표현,"[설명]
checks out : 어떤 정보나 이야기가 사실로 확인되거나, 논리적으로 맞다고 판단될 때 사용하는 표현입니다",,0,0,,
"Oh, come on, spill the beans!","야, 빨리 말해봐!","아, 제발, 콩 좀 쏟아놔!",,0,유용 표현,"[설명]
Spill the beans : 비밀을 누설하다",,0,0,,
I’m exhausted. I think I’ll hit the sack,진짜 피곤하다. 이제 자러 가야겠어,나 완전 지쳤어. 이제 자루를 치러 가야겠어.,,0,유용 표현,"[설명]
hit the sack : 곯아떨어지다.",,0,0,,
You should take what he says with a grain of salt,그가 하는 말은 그냥 적당히 걸러서 들어,그가 하는 말은 소금 한 알과 함께 받아들여야 해.,,0,유용 표현,"[설명]
take (something) with a grain of salt : 적당히 걸러서 듣다",,0,0,,
I really need to hit the books for the final exam,나 기말고사 공부 진짜 열심히 해야 돼,나 기말고사를 위해 정말 책들을 쳐야 해.,,0,유용 표현,"[설명]
hit the books : (열심히) 공부하다",,0,0,,
Having a job you love that pays well is the best of both worlds,좋아하는 일을 하면서 돈도 잘 버는 건 정말 금상첨화지,좋아하는 일을 하면서 돈도 잘 버는 건 두 세계의 최고야.,,0,유용 표현,"[설명]
best of both worlds : 금상첨화, 일석이조",,0,0,,
"Are you serious, or are you just pulling my leg?","진짜야, 아니면 그냥 나 놀리는 거야?","진심이야, 아니면 그냥 내 다리를 잡아당기는 거야?",,0,유용 표현,"[설명]
pull someone's leg : 장난치다",,0,0,,
"To make matters worse, it started to rain",설상가상으로 비까지 오기 시작하더라고,"일을 더 나쁘게 만들자면, 비가 오기 시작했어.",,0,유용 표현,"[설명]
to make matters worse : 설상가상으로",,0,0,,
Your guess is as good as mine,나도 모르기는 매한가지야,네 추측은 내 추측만큼이나 좋아.,,0,유용 표현,"[설명]
Your guess is as good as mine :",,0,0,,
When should we meet?,우리 언제 만날까?,우리 언제 만나는 게 좋을까?,,0,유용 표현,"[설명]
should는 의무(~해야 한다)가 아니라, “언제 만나는 게 좋을까?”라는 제안의 의미를 가집니다.",,0,0,,
Whatever works for you,너 편한 대로 해,네게 맞는 뭐든 괜찮아.,,0,유용 표현,"[설명]
Whatever works for you : 상대방의 일정이나 결정에 전적으로 맞추겠다는 배려의 표현입니다",,0,0,,
How was your ex-boyfriend?,전 남친은 어땠어?,네 전 남자친구는 어땠어?,,0,유용 표현,"[설명]
How was : ~는 어땠어?",,0,0,,
"Oh, don’t get me started","아, 말도 꺼내지 마","아, 그 얘긴 시작도 하지 마.",,0,유용 표현,"[설명]
불평할 게 너무 많아서 말을 시작하면 끝이 없으니, 아예 꺼내지도 말라는 의미입니다",,0,0,,
What do you do for a living?,무슨 일 하세요?,무슨 일로 먹고사세요?,,0,유용 표현,,,0,0,,
"Currently, I am between jobs",지금은 직장을 구하는 중이에요,현재 나는 직업과 직업 사이에 있어요.,,0,유용 표현,"[설명]
between jobs : 구직 중인 상태",,0,0,,
Do you have any preferences for lunch,점심 메뉴로 생각해 둔 거 있어?,점심에 대한 선호가 있나요?,,0,유용 표현,"[설명]
preference [ˈprefrəns] : 선호, 더 좋아하는 것",,0,0,,
Nothing in particular,딱히 없어,특별한 건 없어.,,0,유용 표현,"[설명]
상대방의 질문에 대해 특별한 의견이나 계획, 혹은 꼭 원하는 선택이 없을 때 사용합니다",,0,0,,
"So, are we meeting at six or seven?","그럼 우리 6시에 보는 거야, 7시에 보는 거야?","그래서, 우리 6시에 만나는 거야 7시에 만나는 거야?",,0,유용 표현,,,0,0,,
It is still up in the airI will text you later,아직 잘 모르겠어. 나중에 문자할게,그건 아직 공중에 떠 있어. 내가 나중에 문자할게.,,0,유용 표현,"[설명]
Up in the air : 완전히 “취소”된 것도 아니고, 그렇다고 “확정”된 것도 아닌 애매한 상태를 말할 때 사용합니다.",,0,0,,
What are you getting?,넌 뭐 시킬 거야?,넌 뭘 시킬 거야?,,0,유용 표현,,,0,0,,
"Okay, have a good one. Catch you later!","그래, 잘 가. 나중에 봐!","그래, 좋은 하루 보내. 나중에 보자!",,0,유용 표현,,,0,0,,
Can I take a rain check? I've got to work late,다음에 볼까? 야근해야 해서,이번은 다음 기회로 미룰 수 있을까? 나 야근해야 해.,,0,유용 표현,"[설명]
take a rain check : 다음 기회로 미루다",,0,0,,
Are you still at work?,아직 회사야?,아직 회사야?,,0,유용 표현,"[설명]
head out : (어디를 향해) 나가다, 출발하다",,0,0,,
"No, I'm heading out now","아니, 지금 나가는 중이야","아니, 지금 나가는 중이야.",,0,유용 표현,"[설명]
head out : (어디를 향해) 나가다, 출발하다",,0,0,,
"Could you do me a favor? Sure, what is it?","부탁 하나만 들어줄 수 있어? 그럼, 뭔데?","부탁 하나 들어줄 수 있어? 물론, 뭔데?",,0,유용 표현,"[설명]
do me a favor : 부탁을 들어주다",,0,0,,
